Family_Member_Number,Budget,Menu,Time,Estimated_money
1,49.66,salad,day,49.66
2,59.46,"potato, chicken",day,29.73
1,23.75,salad,day,23.75
1,90.97,chicken,month,90.97
2,73.57,"potato, salad",week,36.785
4,79.11,"salad, rice, potato, potato",week,19.7775
4,120.36,"rice, rice, potato, chicken",day,30.09
1,50.15,rice,week,50.15
3,75.77,"potato, potato, salad",month,25.25666667
3,95.21,"potato, chicken, rice",day,31.73666667
4,231.02,"salad, rice, rice, salad",month,57.755
3,143.1,"potato, salad, salad",month,47.7
2,89.18,"salad, rice",week,44.59
1,49.87,rice,day,49.87
4,230.65,"rice, salad, chicken, chicken",week,57.6625
4,208.6,"salad, rice, chicken, chicken",day,52.15
3,109.89,"salad, chicken, potato",day,36.63
1,26.11,salad,day,26.11
4,199.91,"chicken, chicken, rice, potato",month,49.9775
1,103.54,rice,month,103.54
3,81.74,"salad, chicken, potato",day,27.24666667
3,128.86,"potato, rice, salad",month,42.95333333
2,74.5,"potato, rice",week,37.25
4,90.47,"rice, rice, salad, potato",day,22.6175
2,118.41,"potato, chicken",month,59.205
1,102.98,salad,month,102.98
4,242.95,"chicken, salad, salad, rice",month,60.7375
4,229.5,"chicken, chicken, potato, salad",month,57.375
2,63.52,"salad, salad",day,31.76
1,33.31,potato,day,33.31
2,50.22,"rice, potato",day,25.11
2,106.76,"salad, salad",week,53.38
4,101.38,"chicken, salad, potato, potato",day,25.345
4,56.94,"chicken, potato, potato, potato",week,14.235
4,180.18,"potato, salad, salad, salad",month,45.045
4,134.88,"rice, chicken, salad, potato",day,33.72
4,112.94,"potato, potato, salad, salad",month,28.235
4,199.25,"chicken, potato, salad, chicken",week,49.8125
1,65.61,chicken,week,65.61
3,172.86,"chicken, salad, salad",week,57.62
3,39.75,"potato, rice, potato",day,13.25
1,94.3,salad,month,94.3
1,82.4,salad,month,82.4
1,82.04,salad,month,82.04
4,107.66,"salad, potato, potato, chicken",day,26.915
3,120.17,"rice, salad, rice",week,40.05666667
4,132.87,"rice, chicken, rice, potato",day,33.2175
1,59.85,potato,week,59.85
1,83.39,rice,month,83.39
2,109.23,"salad, rice",week,54.615
3,54.53,"rice, potato, rice",day,18.17666667
1,15.58,potato,day,15.58
2,85.27,"salad, rice",week,42.635
2,133.03,"rice, chicken",month,66.515
3,64.69,"chicken, rice, potato",day,21.56333333
1,77.84,rice,week,77.84
2,103.26,"chicken, potato",month,51.63
1,57.8,salad,day,57.8
1,73.3,salad,week,73.3
4,87.67,"rice, potato, rice, salad",day,21.9175
2,123.08,"chicken, salad",month,61.54
2,99.05,"salad, chicken",day,49.525
1,46.46,rice,day,46.46
4,183.92,"salad, rice, salad, potato",month,45.98
4,212.34,"salad, salad, chicken, rice",day,53.085
3,114.92,"salad, chicken, rice",day,38.30666667
3,135.68,"rice, rice, chicken",day,45.22666667
3,86.61,"rice, salad, rice",day,28.87
1,40.86,rice,day,40.86
3,124.25,"potato, chicken, salad",week,41.41666667
3,74.35,"potato, salad, rice",day,24.78333333
4,111.95,"rice, rice, potato, rice",day,27.9875
3,178.25,"chicken, rice, salad",month,59.41666667
2,116.6,"chicken, salad",week,58.3
3,88.92,"potato, rice, rice",week,29.64
2,115.43,"rice, chicken",week,57.715
4,175.03,"chicken, salad, potato, rice",week,43.7575
3,123.74,"salad, rice, salad",day,41.24666667
2,60.98,"salad, chicken",day,30.49
1,66.58,salad,week,66.58
4,115.99,"salad, potato, potato, chicken",week,28.9975
2,62.16,"chicken, potato",day,31.08
2,72.26,"chicken, rice",day,36.13
4,314.45,"chicken, chicken, salad, chicken",month,78.6125
4,226.07,"rice, chicken, salad, rice",week,56.5175
4,162.54,"salad, rice, rice, rice",day,40.635
1,31.03,chicken,day,31.03
2,136.42,"chicken, chicken",month,68.21
3,143.98,"potato, salad, chicken",month,47.99333333
4,178.38,"potato, chicken, chicken, potato",month,44.595
3,190.14,"chicken, salad, chicken",week,63.38
2,77.43,"potato, chicken",week,38.715
3,210.37,"chicken, salad, chicken",month,70.12333333
2,106.02,"chicken, potato",month,53.01
1,97.86,chicken,month,97.86
2,54.41,"rice, salad",day,27.205
4,229.5,"chicken, rice, chicken, rice",week,57.375
1,35.78,potato,week,35.78
3,36.01,"potato, potato, salad",day,12.00333333
2,74.85,"salad, salad",day,37.425
4,229.43,"salad, chicken, rice, rice",month,57.3575
2,98.22,"potato, salad",month,49.11
3,144.15,"rice, chicken, chicken",day,48.05
2,43.68,"salad, potato",day,21.84
3,79.01,"potato, potato, rice",month,26.33666667
4,209.12,"rice, potato, chicken, chicken",month,52.28
1,93.43,chicken,week,93.43
2,91.05,"rice, chicken",week,45.525
4,149.03,"rice, rice, salad, potato",week,37.2575
3,160.75,"chicken, chicken, rice",week,53.58333333
1,84.04,salad,week,84.04
4,136.19,"rice, rice, rice, rice",day,34.0475
1,93.44,potato,month,93.44
2,132.19,"salad, chicken",month,66.095
4,179.72,"potato, rice, salad, chicken",week,44.93
2,110.56,"rice, chicken",week,55.28
3,166.87,"rice, rice, chicken",week,55.62333333
3,86.06,"potato, salad, rice",week,28.68666667
1,96.08,salad,month,96.08
2,67.54,"rice, rice",day,33.77
1,28.85,rice,day,28.85
2,74.57,"salad, rice",week,37.285
1,42.13,salad,day,42.13
4,252.91,"rice, chicken, chicken, chicken",day,63.2275
3,99.62,"rice, chicken, potato",day,33.20666667
1,54.67,potato,week,54.67
2,46.45,"rice, potato",day,23.225
2,82.32,"chicken, salad",day,41.16
4,172.34,"rice, chicken, rice, potato",week,43.085
1,42.02,rice,day,42.02
1,14.59,potato,day,14.59
2,70.34,"chicken, rice",day,35.17
1,28.52,rice,day,28.52
4,145.5,"rice, salad, chicken, potato",day,36.375
2,108.47,"rice, salad",month,54.235
1,23.64,rice,day,23.64
3,131.97,"rice, chicken, rice",week,43.99
4,139.22,"potato, chicken, rice, rice",week,34.805
1,14.16,potato,day,14.16
3,191.21,"salad, chicken, chicken",month,63.73666667
3,124.88,"chicken, chicken, potato",day,41.62666667
4,132.33,"rice, potato, salad, rice",week,33.0825
4,164.86,"chicken, potato, chicken, potato",month,41.215
3,127.93,"chicken, potato, chicken",week,42.64333333
4,145.5,"rice, chicken, chicken, potato",day,36.375
2,105.97,"rice, chicken",week,52.985
4,99.15,"salad, salad, rice, potato",day,24.7875
4,78.99,"potato, chicken, potato, salad",day,19.7475
4,286.76,"rice, chicken, chicken, chicken",month,71.69
2,112.05,"chicken, salad",week,56.025
2,65.05,"chicken, rice",day,32.525
3,117.31,"rice, chicken, salad",day,39.10333333
4,260.53,"rice, chicken, chicken, rice",month,65.1325
2,127.16,"chicken, salad",month,63.58
4,242.73,"chicken, chicken, chicken, salad",day,60.6825
4,63.05,"rice, potato, chicken, potato",day,15.7625
4,178.9,"chicken, salad, potato, chicken",day,44.725
3,115.93,"chicken, potato, rice",week,38.64333333
4,125.07,"chicken, potato, potato, salad",week,31.2675
3,54.87,"chicken, potato, potato",day,18.29
4,5.76,"potato, potato, rice, potato",day,1.44
3,159.99,"salad, salad, chicken",week,53.33
2,67,"chicken, salad",day,33.5
4,250.29,"chicken, rice, chicken, rice",month,62.5725
1,86.05,salad,week,86.05
1,84.81,rice,week,84.81
4,265.5,"rice, salad, chicken, chicken",month,66.375
1,32.25,rice,day,32.25
3,129.86,"chicken, rice, potato",month,43.28666667
1,99.36,rice,month,99.36
2,134.06,"salad, salad",month,67.03
3,92.67,"salad, potato, potato",month,30.89
3,77.33,"rice, salad, potato",week,25.77666667
3,159.9,"salad, salad, salad",week,53.3
3,157.05,"rice, salad, rice",month,52.35
4,117.86,"rice, potato, chicken, potato",week,29.465
2,88.41,"chicken, rice",day,44.205
1,35.56,potato,week,35.56
4,162.91,"rice, chicken, rice, potato",week,40.7275
2,75,"rice, salad",week,37.5
1,101.72,rice,month,101.72
4,63.59,"potato, rice, chicken, potato",day,15.8975
1,55.49,salad,day,55.49
4,194.84,"chicken, salad, chicken, potato",week,48.71
4,158.24,"rice, potato, rice, salad",month,39.56
4,142.02,"rice, potato, rice, rice",week,35.505
1,46.04,potato,week,46.04
4,64.51,"potato, potato, rice, salad",day,16.1275
2,116.16,"salad, salad",month,58.08
2,74.97,"potato, rice",week,37.485
2,41.61,"salad, potato",day,20.805
1,20.59,salad,day,20.59
3,76.97,"potato, salad, chicken",day,25.65666667
1,86.91,chicken,month,86.91
3,147.81,"chicken, salad, potato",month,49.27
3,80.73,"potato, potato, chicken",week,26.91
4,147.44,"chicken, chicken, potato, potato",week,36.86
3,146.45,"salad, rice, rice",month,48.81666667
4,165.92,"chicken, chicken, potato, potato",month,41.48
2,108.06,"salad, chicken",week,54.03
3,106.95,"potato, rice, chicken",week,35.65
3,137.65,"salad, chicken, potato",month,45.88333333
1,8.73,potato,day,8.73
3,83.25,"rice, potato, chicken",day,27.75
3,149.23,"chicken, potato, rice",month,49.74333333
3,149.14,"salad, salad, chicken",week,49.71333333
2,28,"rice, potato",day,14
3,127.78,"chicken, potato, rice",month,42.59333333
1,27.93,rice,day,27.93
3,100.24,"salad, chicken, potato",week,33.41333333
2,69,"potato, potato",month,34.5
2,90.79,"rice, salad",week,45.395
3,68.86,"potato, potato, salad",week,22.95333333
2,75.49,"potato, rice",month,37.745
4,270.72,"chicken, chicken, rice, salad",month,67.68
1,64.2,rice,week,64.2
4,150.01,"potato, salad, chicken, potato",month,37.5025
1,32.06,salad,day,32.06
2,31.58,"potato, potato",week,15.79
4,250.92,"salad, chicken, salad, rice",month,62.73
1,69.47,potato,week,69.47
4,156.39,"potato, rice, chicken, chicken",day,39.0975
4,152.61,"potato, rice, salad, chicken",week,38.1525
3,87.47,"potato, salad, chicken",day,29.15666667
4,196.36,"rice, rice, salad, rice",month,49.09
2,40.42,"potato, salad",day,20.21
3,114.1,"salad, salad, potato",week,38.03333333
2,57.89,"salad, potato",week,28.945
2,128.82,"chicken, rice",month,64.41
3,138.59,"chicken, chicken, rice",day,46.19666667
3,122.69,"potato, rice, chicken",month,40.89666667
4,60.28,"rice, potato, potato, chicken",day,15.07
4,194.63,"potato, chicken, salad, rice",month,48.6575
4,122.53,"potato, chicken, potato, rice",month,30.6325
1,84.38,potato,month,84.38
2,133.13,"chicken, salad",month,66.565
3,187.72,"chicken, chicken, rice",week,62.57333333
1,84.42,potato,month,84.42
3,119.32,"chicken, rice, rice",day,39.77333333
2,77.26,"salad, rice",week,38.63
3,150.95,"chicken, salad, potato",month,50.31666667
3,117.3,"rice, salad, potato",month,39.1
4,216.85,"rice, rice, salad, salad",month,54.2125
3,92.68,"salad, salad, potato",week,30.89333333
3,66.31,"potato, rice, salad",day,22.10333333
4,156.49,"salad, chicken, potato, chicken",day,39.1225
3,202.59,"chicken, rice, chicken",month,67.53
2,127.18,"chicken, salad",month,63.59
3,209.41,"chicken, chicken, rice",month,69.80333333
4,233.82,"salad, salad, salad, rice",month,58.455
1,91.42,rice,month,91.42
1,90.38,potato,month,90.38
3,136.52,"rice, chicken, salad",day,45.50666667
4,155.86,"salad, chicken, rice, potato",day,38.965
4,133.86,"rice, salad, chicken, potato",day,33.465
3,47.13,"potato, rice, salad",day,15.71
2,71.48,"chicken, salad",day,35.74
4,92.61,"potato, potato, rice, salad",week,23.1525
2,118.21,"chicken, potato",month,59.105
3,82.05,"potato, salad, chicken",day,27.35
4,134.43,"chicken, potato, salad, salad",day,33.6075
3,136.06,"rice, salad, chicken",week,45.35333333
2,94.05,"rice, potato",month,47.025
1,69.93,potato,week,69.93
4,66.15,"potato, rice, potato, rice",week,16.5375
2,93.71,"potato, rice",month,46.855
2,58.09,"rice, salad",day,29.045
4,204.36,"salad, salad, potato, chicken",month,51.09
1,58.06,salad,week,58.06
1,92.33,chicken,week,92.33
4,117.46,"salad, rice, rice, potato",week,29.365
3,155.98,"rice, chicken, chicken",week,51.99333333
4,241.56,"salad, chicken, chicken, rice",week,60.39
3,99.08,"potato, chicken, salad",day,33.02666667
3,107.1,"rice, rice, rice",week,35.7
4,279.53,"salad, chicken, rice, chicken",month,69.8825
1,103.1,rice,month,103.1
4,113.58,"potato, potato, chicken, rice",week,28.395
2,35.71,"chicken, potato",day,17.855
2,47.44,"rice, rice",day,23.72
4,226.97,"salad, chicken, rice, rice",month,56.7425
4,176.96,"rice, chicken, rice, rice",day,44.24
2,61.04,"salad, chicken",day,30.52
4,229.53,"rice, chicken, salad, rice",month,57.3825
4,154.91,"potato, chicken, salad, chicken",day,38.7275
1,106.03,rice,month,106.03
3,143.95,"rice, rice, salad",month,47.98333333
2,70.35,"potato, salad",week,35.175
2,45.61,"potato, rice",day,22.805
3,72.15,"salad, potato, potato",week,24.05
3,214.98,"chicken, chicken, chicken",week,71.66
1,43.9,potato,day,43.9
4,215.2,"rice, salad, salad, salad",week,53.8
4,125.32,"potato, potato, salad, rice",month,31.33
2,56.91,"salad, rice",day,28.455
3,92.02,"rice, salad, rice",day,30.67333333
1,99.23,salad,month,99.23
2,92.73,"rice, potato",month,46.365
1,18.82,rice,day,18.82
2,102.5,"potato, chicken",month,51.25
3,218.7,"chicken, salad, chicken",month,72.9
3,102.92,"potato, salad, chicken",week,34.30666667
4,182.58,"rice, salad, rice, rice",week,45.645
3,72.23,"rice, potato, rice",week,24.07666667
2,94.9,"chicken, salad",week,47.45
2,72.02,"chicken, chicken",day,36.01
2,76.54,"rice, salad",day,38.27
2,139.84,"chicken, chicken",week,69.92
3,160.93,"chicken, chicken, salad",week,53.64333333
2,84.59,"potato, rice",month,42.295
4,144.47,"chicken, rice, potato, potato",month,36.1175
4,141.3,"rice, chicken, rice, potato",day,35.325
4,108.81,"salad, rice, rice, potato",day,27.2025
4,111.51,"rice, potato, salad, potato",month,27.8775
4,207.8,"rice, rice, salad, salad",week,51.95
4,179.21,"potato, salad, rice, chicken",month,44.8025
4,170.25,"salad, rice, rice, salad",day,42.5625
4,236.18,"rice, rice, chicken, rice",month,59.045
4,72.73,"potato, chicken, rice, potato",day,18.1825
4,198.68,"salad, potato, chicken, salad",week,49.67
4,82.87,"salad, potato, potato, salad",day,20.7175
1,62.55,salad,week,62.55
4,196.12,"chicken, potato, salad, salad",month,49.03
3,180.35,"chicken, rice, salad",month,60.11666667
4,236.27,"rice, rice, chicken, salad",month,59.0675
2,96.32,"salad, rice",week,48.16
3,187.22,"chicken, rice, chicken",month,62.40666667
3,125.01,"rice, rice, potato",month,41.67
4,148.74,"salad, rice, potato, rice",week,37.185
1,83.96,rice,week,83.96
4,94.08,"rice, rice, salad, potato",day,23.52
2,52.03,"salad, salad",day,26.015
1,41.53,chicken,day,41.53
1,88.12,potato,month,88.12
2,126.12,"chicken, chicken",week,63.06
2,32.85,"potato, potato",week,16.425
2,102.16,"potato, salad",month,51.08
4,187.36,"potato, chicken, chicken, salad",day,46.84
3,37.37,"potato, rice, rice",day,12.45666667
4,274.3,"chicken, salad, chicken, rice",month,68.575
2,67.23,"chicken, rice",day,33.615
2,73.46,"rice, salad",day,36.73
2,155.68,"chicken, chicken",month,77.84
3,71.03,"potato, salad, salad",day,23.67666667
4,185.43,"potato, rice, chicken, salad",week,46.3575
4,142.16,"rice, potato, rice, rice",week,35.54
2,80.71,"chicken, rice",day,40.355
2,71.44,"rice, potato",week,35.72
3,169.59,"salad, salad, chicken",week,56.53
2,113.91,"rice, chicken",week,56.955
4,214.06,"salad, salad, potato, chicken",month,53.515
3,46.69,"potato, potato, salad",day,15.56333333
2,43.12,"chicken, potato",day,21.56
2,107.49,"potato, chicken",month,53.745
1,60.28,chicken,week,60.28
4,199.73,"chicken, rice, potato, chicken",month,49.9325
3,54.83,"potato, potato, chicken",day,18.27666667
3,86.91,"potato, potato, chicken",month,28.97
1,66.35,salad,week,66.35
4,319.71,"chicken, chicken, chicken, chicken",week,79.9275
1,108.92,salad,month,108.92
3,122.14,"chicken, salad, salad",day,40.71333333
1,64.14,chicken,day,64.14
4,249.38,"salad, salad, chicken, rice",month,62.345
2,27.54,"potato, potato",week,13.77
4,132.98,"potato, salad, salad, potato",month,33.245
1,66.01,potato,month,66.01
2,121.33,"chicken, salad",month,60.665
2,49.61,"rice, salad",day,24.805
3,159.94,"rice, salad, rice",month,53.31333333
2,129.64,"chicken, rice",month,64.82
3,152.27,"salad, chicken, chicken",day,50.75666667
1,92.66,chicken,week,92.66
3,178.49,"salad, rice, chicken",month,59.49666667
2,118.21,"salad, rice",month,59.105
2,136.59,"chicken, chicken",week,68.295
2,83.71,"salad, rice",week,41.855
1,68.89,potato,week,68.89
2,0.74,"potato, potato",day,0.37
2,141.73,"salad, chicken",month,70.865
2,62.13,"potato, salad",week,31.065
2,123.52,"chicken, salad",month,61.76
2,104.61,"rice, rice",week,52.305
4,173.35,"rice, rice, rice, rice",week,43.3375
4,199.94,"chicken, rice, salad, rice",week,49.985
3,86.83,"salad, salad, potato",week,28.94333333
3,194.04,"chicken, rice, salad",month,64.68
2,99.2,"salad, chicken",week,49.6
3,205.53,"chicken, chicken, chicken",week,68.51
2,133.85,"salad, salad",month,66.925
4,-33.32,"potato, potato, potato, potato",day,-8.33
1,55.5,salad,week,55.5
1,84.53,salad,month,84.53
4,122.42,"chicken, chicken, potato, potato",week,30.605
4,106.67,"rice, rice, potato, chicken",day,26.6675
2,86.72,"salad, salad",day,43.36
2,113.79,"rice, rice",month,56.895
4,224.92,"chicken, chicken, salad, salad",day,56.23
3,49.84,"potato, potato, potato",month,16.61333333
4,115.09,"chicken, potato, potato, salad",week,28.7725
1,80.81,rice,week,80.81
1,107.57,salad,month,107.57
2,140.63,"chicken, rice",month,70.315
1,44.38,rice,day,44.38
1,54.15,rice,day,54.15
1,48.48,chicken,day,48.48
1,56.5,salad,week,56.5
4,204.9,"rice, chicken, salad, potato",month,51.225
3,49.91,"salad, potato, rice",day,16.63666667
4,229.19,"rice, chicken, chicken, salad",week,57.2975
3,218.23,"chicken, salad, chicken",month,72.74333333
1,88.86,salad,month,88.86
1,35.72,chicken,day,35.72
2,85.69,"rice, potato",month,42.845
1,62.72,chicken,day,62.72
3,104.09,"potato, salad, chicken",week,34.69666667
4,86.64,"chicken, potato, potato, potato",month,21.66
3,123.79,"rice, chicken, potato",month,41.26333333
3,100.51,"potato, salad, salad",week,33.50333333
4,171.55,"rice, rice, chicken, salad",day,42.8875
1,42.39,chicken,day,42.39
3,143.31,"rice, rice, salad",week,47.77
4,196.5,"chicken, potato, salad, rice",month,49.125
1,68.29,chicken,week,68.29
3,125.39,"salad, rice, rice",week,41.79666667
2,96.57,"chicken, rice",week,48.285
3,186.85,"chicken, salad, rice",month,62.28333333
4,180.66,"chicken, rice, potato, salad",week,45.165
2,113.03,"potato, chicken",month,56.515
2,91.91,"potato, chicken",week,45.955
4,203.33,"salad, rice, salad, chicken",day,50.8325
4,187.96,"chicken, chicken, chicken, potato",day,46.99
3,96.87,"potato, potato, salad",month,32.29
3,86.88,"potato, chicken, rice",day,28.96
4,178.42,"rice, salad, salad, chicken",day,44.605
3,94.52,"salad, rice, potato",week,31.50666667
4,49.82,"potato, potato, salad, rice",day,12.455
3,154.21,"salad, chicken, rice",week,51.40333333
4,123.53,"chicken, rice, potato, rice",day,30.8825
1,80.45,rice,month,80.45
1,104,salad,month,104
2,134.8,"chicken, chicken",month,67.4
2,115.19,"salad, chicken",week,57.595
4,259.5,"salad, chicken, chicken, chicken",day,64.875
1,83.44,rice,month,83.44
1,83.05,salad,month,83.05
3,98.88,"potato, rice, chicken",week,32.96
3,132.66,"chicken, potato, rice",month,44.22
3,100.69,"rice, potato, salad",week,33.56333333
3,55.54,"potato, salad, rice",day,18.51333333
2,131.65,"salad, chicken",month,65.825
4,197.47,"salad, salad, chicken, rice",day,49.3675
2,42.58,"chicken, potato",day,21.29
3,149.38,"salad, chicken, chicken",day,49.79333333
4,224.75,"chicken, chicken, salad, potato",month,56.1875
1,28.68,rice,day,28.68
2,138.66,"chicken, chicken",month,69.33
1,80.43,rice,month,80.43
1,93.24,salad,month,93.24
4,147.44,"salad, rice, potato, chicken",day,36.86
3,89.49,"potato, chicken, potato",week,29.83
2,86.43,"rice, chicken",day,43.215
2,114.18,"salad, salad",month,57.09
1,87.52,rice,month,87.52
2,107.16,"rice, rice",week,53.58
3,159.56,"potato, salad, chicken",month,53.18666667
1,84.68,salad,week,84.68
2,49.85,"rice, salad",day,24.925
4,253.69,"rice, chicken, chicken, chicken",week,63.4225
1,88.84,potato,month,88.84
4,268.49,"rice, chicken, chicken, rice",month,67.1225
1,87.79,chicken,month,87.79
3,161.83,"chicken, salad, chicken",day,53.94333333
2,78.74,"rice, rice",week,39.37
2,99.57,"rice, potato",month,49.785
1,50.05,chicken,day,50.05
1,57.18,salad,day,57.18
4,208.03,"chicken, salad, salad, rice",week,52.0075
2,71.73,"rice, rice",week,35.865
1,76.58,salad,week,76.58
1,75.02,salad,week,75.02
4,132.74,"potato, potato, salad, chicken",month,33.185
1,48.75,chicken,day,48.75
1,32.82,potato,day,32.82
4,133.97,"potato, salad, chicken, potato",month,33.4925
1,29.53,rice,day,29.53
2,110.94,"salad, salad",week,55.47
1,96.9,salad,month,96.9
4,268.9,"salad, chicken, chicken, salad",week,67.225
1,10.6,potato,day,10.6
4,214.53,"rice, salad, salad, rice",week,53.6325
1,39.14,rice,day,39.14
1,106.27,salad,month,106.27
2,91.75,"potato, salad",month,45.875
4,92.51,"chicken, potato, potato, rice",week,23.1275
3,121.47,"chicken, rice, salad",day,40.49
4,38.67,"potato, potato, rice, salad",day,9.6675
1,62.95,chicken,day,62.95
3,226.38,"chicken, chicken, chicken",month,75.46
1,96.1,salad,month,96.1
3,103.4,"salad, salad, rice",day,34.46666667
4,197.03,"potato, rice, chicken, salad",month,49.2575
1,28.45,chicken,day,28.45
1,59.49,potato,week,59.49
3,92.25,"salad, potato, potato",month,30.75
2,114.34,"chicken, rice",month,57.17
3,15.87,"rice, potato, potato",day,5.29
3,41.88,"potato, rice, potato",week,13.96
4,168.43,"potato, chicken, salad, rice",week,42.1075
2,80.93,"potato, salad",week,40.465
1,39.35,potato,day,39.35
2,78.87,"chicken, salad",day,39.435
2,82.11,"chicken, salad",day,41.055
3,53.65,"rice, rice, potato",day,17.88333333
3,75.08,"potato, salad, salad",day,25.02666667
1,57.76,chicken,week,57.76
3,104.09,"chicken, potato, rice",week,34.69666667
2,96.55,"rice, salad",week,48.275
4,243.67,"chicken, salad, salad, salad",week,60.9175
1,47.96,rice,week,47.96
1,55.06,chicken,week,55.06
3,138.21,"salad, chicken, chicken",day,46.07
1,33.47,potato,day,33.47
1,60.89,chicken,day,60.89
3,78.98,"potato, potato, salad",week,26.32666667
4,153.68,"potato, chicken, salad, salad",day,38.42
3,161.04,"chicken, rice, rice",week,53.68
4,149.34,"salad, salad, potato, salad",week,37.335
1,34.98,rice,day,34.98
4,219.44,"salad, chicken, rice, chicken",day,54.86
3,49.62,"rice, potato, salad",day,16.54
3,109.65,"salad, rice, chicken",day,36.55
1,88.97,salad,month,88.97
1,84.18,salad,week,84.18
1,54.08,salad,week,54.08
1,22.47,salad,day,22.47
2,46.95,"rice, potato",day,23.475
3,70.87,"potato, salad, chicken",day,23.62333333
2,50.2,"rice, potato",day,25.1
1,57.03,chicken,week,57.03
4,209.18,"chicken, salad, rice, salad",week,52.295
2,61.19,"salad, potato",week,30.595
2,138.85,"chicken, chicken",month,69.425
1,31.19,salad,day,31.19
4,143.71,"salad, potato, chicken, rice",day,35.9275
4,237.44,"rice, rice, chicken, rice",month,59.36
2,32.76,"salad, potato",day,16.38
3,138.35,"chicken, rice, salad",day,46.11666667
2,53.91,"salad, rice",day,26.955
1,48.03,chicken,day,48.03
3,44.04,"rice, rice, potato",day,14.68
3,182.91,"salad, chicken, rice",month,60.97
2,51.52,"potato, salad",week,25.76
2,35.06,"potato, rice",day,17.53
2,57.63,"salad, rice",day,28.815
1,25.91,salad,day,25.91
1,90.82,potato,month,90.82
3,149.26,"chicken, potato, rice",month,49.75333333
3,165.46,"salad, chicken, chicken",week,55.15333333
3,119.29,"rice, salad, salad",day,39.76333333
4,157.36,"rice, salad, salad, potato",week,39.34
4,178.97,"rice, salad, potato, chicken",month,44.7425
2,103.81,"salad, rice",week,51.905
3,86.45,"potato, rice, chicken",day,28.81666667
1,43.39,potato,week,43.39
3,86.48,"potato, potato, chicken",week,28.82666667
4,302.59,"salad, chicken, chicken, chicken",month,75.6475
3,186.26,"chicken, salad, salad",month,62.08666667
4,57.97,"potato, rice, potato, rice",day,14.4925
3,117.97,"salad, chicken, salad",day,39.32333333
1,93.26,potato,month,93.26
3,174.56,"chicken, potato, chicken",month,58.18666667
2,106.69,"salad, potato",month,53.345
1,58.22,salad,week,58.22
4,210.62,"rice, rice, rice, salad",month,52.655
1,40.72,chicken,day,40.72
2,44.43,"chicken, potato",day,22.215
3,148.75,"chicken, salad, potato",month,49.58333333
1,23.83,rice,day,23.83
1,80.75,rice,week,80.75
4,167.56,"rice, potato, chicken, salad",week,41.89
3,105.78,"chicken, potato, rice",week,35.26
4,78.54,"rice, potato, salad, potato",week,19.635
1,95.31,chicken,month,95.31
2,131.83,"chicken, chicken",month,65.915
4,224.45,"chicken, rice, potato, chicken",month,56.1125
1,97.14,salad,month,97.14
1,56.92,salad,week,56.92
2,35.05,"chicken, potato",day,17.525
4,125.89,"salad, rice, rice, potato",day,31.4725
1,69.25,rice,week,69.25
3,98.74,"potato, chicken, potato",month,32.91333333
4,-16.07,"potato, potato, potato, rice",day,-4.0175
3,125.57,"chicken, chicken, potato",week,41.85666667
2,76.12,"chicken, potato",week,38.06
4,163.62,"potato, chicken, rice, rice",week,40.905
1,79.7,rice,week,79.7
3,118.71,"potato, salad, salad",week,39.57
3,170.29,"rice, rice, chicken",month,56.76333333
1,42.67,chicken,day,42.67
4,124.02,"potato, salad, potato, rice",month,31.005
4,141.22,"potato, salad, salad, salad",day,35.305
1,6.32,potato,day,6.32
3,186.97,"rice, chicken, chicken",month,62.32333333
1,77.92,rice,month,77.92
4,239.38,"chicken, rice, rice, salad",month,59.845
3,85.93,"potato, rice, potato",month,28.64333333
4,176.52,"salad, salad, salad, salad",day,44.13
3,97.29,"potato, potato, chicken",month,32.43
2,85.2,"potato, salad",month,42.6
3,181.15,"rice, rice, chicken",month,60.38333333
4,246.36,"salad, chicken, rice, chicken",week,61.59
1,37.46,rice,day,37.46
3,118.38,"chicken, potato, rice",week,39.46
3,142.75,"rice, rice, rice",month,47.58333333
2,40.69,"salad, potato",day,20.345
4,187.59,"salad, potato, chicken, rice",month,46.8975
3,92.18,"potato, salad, rice",week,30.72666667
2,130.04,"chicken, rice",month,65.02
3,79.63,"salad, rice, potato",day,26.54333333
4,127.64,"salad, rice, potato, salad",day,31.91
3,126.77,"rice, chicken, rice",day,42.25666667
3,138.42,"chicken, potato, chicken",week,46.14
1,82.51,potato,month,82.51
4,158.02,"chicken, rice, chicken, potato",day,39.505
2,93.69,"rice, chicken",day,46.845
4,130.66,"salad, potato, chicken, rice",day,32.665
2,85.38,"potato, chicken",week,42.69
3,145.45,"salad, salad, chicken",day,48.48333333
1,49.58,chicken,day,49.58
4,138.61,"chicken, potato, potato, salad",week,34.6525
3,45.68,"salad, potato, potato",day,15.22666667
2,65.74,"rice, rice",day,32.87
2,59.34,"rice, salad",day,29.67
1,28.93,rice,day,28.93
4,241.61,"rice, chicken, salad, rice",month,60.4025
4,190,"salad, chicken, potato, salad",week,47.5
2,109.55,"salad, potato",month,54.775
2,44.66,"potato, chicken",day,22.33
3,43.69,"potato, potato, potato",month,14.56333333
1,88.47,chicken,month,88.47
4,151.89,"chicken, salad, salad, potato",day,37.9725
3,162.47,"rice, salad, chicken",week,54.15666667
1,86.56,potato,month,86.56
3,146.39,"chicken, salad, salad",day,48.79666667
3,186.19,"rice, chicken, rice",month,62.06333333
2,81.93,"salad, chicken",day,40.965
3,25.11,"potato, potato, chicken",day,8.37
2,21.18,"potato, potato",day,10.59
3,163.93,"rice, rice, chicken",month,54.64333333
1,37.53,potato,day,37.53
3,123.06,"rice, chicken, potato",week,41.02
1,20.39,salad,day,20.39
2,98.3,"chicken, rice",week,49.15
1,82.6,salad,week,82.6
1,71.01,chicken,week,71.01
3,187.6,"chicken, chicken, salad",week,62.53333333
1,32.85,potato,day,32.85
2,86.64,"chicken, chicken",day,43.32
2,85.39,"rice, potato",month,42.695
2,96.82,"potato, chicken",week,48.41
4,88.53,"rice, potato, salad, rice",day,22.1325
1,76.47,salad,week,76.47
4,126.55,"chicken, salad, potato, potato",week,31.6375
2,145.47,"chicken, salad",month,72.735
1,59.83,rice,week,59.83
3,150.28,"chicken, chicken, salad",day,50.09333333
1,72.77,chicken,week,72.77
1,52.88,potato,week,52.88
4,169.6,"potato, chicken, chicken, potato",month,42.4
1,48.67,rice,day,48.67
2,118.14,"rice, rice",month,59.07
1,50.77,rice,day,50.77
4,149.72,"chicken, potato, potato, salad",month,37.43
1,61.21,rice,week,61.21
3,178.19,"salad, chicken, salad",month,59.39666667
4,140.17,"salad, salad, potato, chicken",day,35.0425
2,106.98,"salad, rice",week,53.49
1,36.86,potato,week,36.86
4,126.34,"salad, chicken, potato, potato",week,31.585
4,184.49,"salad, salad, salad, potato",month,46.1225
4,276.02,"rice, chicken, chicken, salad",month,69.005
3,174.54,"rice, chicken, salad",week,58.18
2,92.1,"rice, rice",week,46.05
2,46.39,"rice, rice",day,23.195
2,123.5,"salad, rice",month,61.75
1,77.49,chicken,week,77.49
3,87.33,"potato, potato, chicken",week,29.11
2,70.81,"salad, rice",day,35.405
2,77.34,"salad, potato",week,38.67
3,91.14,"potato, rice, chicken",day,30.38
1,106.04,salad,month,106.04
4,158.44,"rice, potato, chicken, chicken",day,39.61
4,107.38,"potato, potato, rice, salad",month,26.845
4,182.46,"rice, salad, salad, rice",day,45.615
4,89.34,"potato, salad, salad, potato",day,22.335
4,163.14,"rice, salad, salad, rice",day,40.785
1,68.65,salad,week,68.65
1,42.15,potato,day,42.15
3,98.6,"rice, potato, rice",week,32.86666667
2,80.82,"salad, chicken",day,40.41
4,147.98,"salad, rice, rice, rice",day,36.995
3,63.01,"chicken, potato, potato",day,21.00333333
3,85.61,"salad, potato, rice",week,28.53666667
4,121.44,"rice, potato, rice, chicken",day,30.36
4,49.86,"salad, rice, potato, potato",day,12.465
2,96,"potato, salad",month,48
2,92.73,"potato, salad",month,46.365
4,154.5,"potato, salad, potato, chicken",month,38.625
3,49.5,"potato, salad, rice",day,16.5
1,101.65,rice,month,101.65
4,186.05,"chicken, chicken, rice, potato",week,46.5125
4,-6.45,"potato, potato, potato, potato",month,-1.6125
3,100.18,"rice, potato, rice",month,33.39333333
4,175.8,"potato, chicken, salad, salad",week,43.95
2,115.73,"rice, salad",month,57.865
3,132.61,"rice, potato, salad",month,44.20333333
1,25.2,chicken,day,25.2
1,55.4,rice,week,55.4
2,116.23,"salad, salad",week,58.115
2,68.68,"rice, salad",day,34.34
1,31.84,potato,day,31.84
4,102.49,"rice, potato, rice, potato",month,25.6225
2,115.42,"rice, rice",month,57.71
2,93.66,"potato, rice",month,46.83
1,37.71,chicken,day,37.71
3,161.78,"salad, rice, rice",month,53.92666667
4,178.19,"salad, salad, chicken, rice",day,44.5475
3,148.18,"rice, chicken, chicken",day,49.39333333
4,130.99,"chicken, potato, salad, potato",week,32.7475
3,81.65,"salad, rice, potato",day,27.21666667
1,38.98,potato,day,38.98
4,184.38,"potato, rice, chicken, salad",month,46.095
3,144.93,"rice, salad, chicken",week,48.31
1,49.55,potato,week,49.55
2,140.52,"salad, chicken",month,70.26
2,82.65,"salad, chicken",day,41.325
3,78.75,"chicken, salad, potato",day,26.25
3,145.36,"salad, rice, chicken",week,48.45333333
4,91.26,"potato, rice, potato, rice",week,22.815
3,206.33,"salad, chicken, chicken",month,68.77666667
3,140.6,"potato, rice, chicken",month,46.86666667
2,126.18,"rice, chicken",month,63.09
4,250.2,"salad, chicken, salad, salad",month,62.55
1,99.3,salad,month,99.3
2,26.29,"potato, salad",day,13.145
4,288.81,"chicken, chicken, chicken, salad",week,72.2025
2,105,"potato, salad",month,52.5
1,42.94,salad,day,42.94
2,95.38,"salad, potato",month,47.69
2,96.9,"chicken, potato",week,48.45
3,138.66,"chicken, chicken, salad",day,46.22
2,98.03,"salad, rice",week,49.015
2,110.57,"chicken, potato",month,55.285
2,35.42,"potato, potato",week,17.71
2,145.79,"chicken, salad",month,72.895
1,24.03,potato,day,24.03
1,39.29,salad,day,39.29
1,104.48,chicken,month,104.48
3,157.91,"chicken, salad, chicken",day,52.63666667
4,171.56,"potato, chicken, salad, rice",week,42.89
4,142.4,"potato, rice, chicken, rice",day,35.6
2,18.37,"potato, potato",day,9.185
1,73.18,rice,week,73.18
4,220.26,"chicken, rice, rice, chicken",week,55.065
3,198.27,"chicken, salad, chicken",month,66.09
4,168.81,"chicken, rice, rice, rice",day,42.2025
4,194.14,"potato, salad, chicken, salad",month,48.535
1,37.33,rice,day,37.33
1,20.56,potato,day,20.56
1,43.87,chicken,day,43.87
1,27.52,rice,day,27.52
1,86.13,chicken,month,86.13
4,197.69,"rice, potato, salad, chicken",month,49.4225
4,106.07,"rice, salad, potato, salad",day,26.5175
2,81.08,"salad, potato",month,40.54
2,93.87,"chicken, rice",day,46.935
4,31.44,"potato, potato, potato, rice",week,7.86
3,159.53,"rice, salad, salad",week,53.17666667
4,171,"rice, salad, chicken, potato",week,42.75
1,73.83,potato,month,73.83
3,205.39,"rice, chicken, chicken",month,68.46333333
4,200.3,"chicken, chicken, potato, chicken",day,50.075
1,52.7,salad,week,52.7
2,60.5,"rice, potato",week,30.25
3,72.49,"chicken, rice, potato",day,24.16333333
2,86.55,"salad, rice",week,43.275
2,140.49,"salad, chicken",month,70.245
2,73.42,"rice, salad",day,36.71
2,77.4,"rice, salad",day,38.7
1,61.81,chicken,day,61.81
1,113.74,chicken,month,113.74
3,175.46,"rice, chicken, salad",month,58.48666667
3,108.88,"salad, potato, chicken",week,36.29333333
4,258.98,"rice, chicken, salad, chicken",month,64.745
1,92.55,rice,month,92.55
1,51.96,chicken,day,51.96
1,61.46,rice,week,61.46
2,121.89,"rice, chicken",month,60.945
3,167.36,"chicken, salad, chicken",week,55.78666667
3,170.17,"rice, chicken, salad",week,56.72333333
2,94.58,"potato, rice",month,47.29
2,132.97,"chicken, salad",month,66.485
2,84.49,"potato, salad",month,42.245
4,189.38,"rice, chicken, rice, rice",week,47.345
1,53.96,salad,week,53.96
1,57.55,chicken,day,57.55
1,76.78,rice,week,76.78
3,89.41,"rice, rice, potato",week,29.80333333
4,160.04,"salad, salad, rice, rice",day,40.01
3,160.31,"chicken, potato, chicken",month,53.43666667
3,146.27,"salad, salad, rice",week,48.75666667
4,148.37,"chicken, potato, potato, salad",month,37.0925
3,109.54,"rice, rice, chicken",day,36.51333333
3,182.24,"rice, chicken, chicken",week,60.74666667
2,84.17,"salad, salad",day,42.085
3,136.02,"potato, salad, salad",month,45.34
4,93.82,"chicken, potato, potato, chicken",day,23.455
1,30.5,salad,day,30.5
1,112.95,chicken,month,112.95
3,115.9,"rice, chicken, salad",day,38.63333333
2,75.16,"potato, potato",month,37.58
3,185.57,"chicken, rice, chicken",week,61.85666667
2,146.18,"chicken, chicken",month,73.09
3,119.27,"salad, potato, chicken",week,39.75666667
3,92.49,"salad, rice, potato",week,30.83
1,104.46,salad,month,104.46
3,133.77,"potato, chicken, chicken",week,44.59
3,76.63,"rice, salad, potato",day,25.54333333
3,146.47,"chicken, chicken, salad",day,48.82333333
2,152.11,"chicken, chicken",month,76.055
2,77.17,"salad, rice",week,38.585
3,188.29,"rice, chicken, salad",month,62.76333333
1,10.46,potato,day,10.46
4,191.58,"chicken, salad, rice, potato",month,47.895
2,58.79,"potato, salad",day,29.395
1,65.77,chicken,week,65.77
1,8.61,potato,day,8.61
4,199.68,"rice, chicken, rice, chicken",day,49.92
1,53.21,salad,week,53.21
1,66.03,potato,week,66.03
4,65.69,"rice, chicken, potato, potato",day,16.4225
2,120.85,"chicken, salad",week,60.425
1,23.43,potato,day,23.43
2,83.56,"rice, rice",week,41.78
2,95.85,"potato, rice",month,47.925
4,106.96,"rice, potato, salad, potato",month,26.74
2,93.02,"potato, salad",month,46.51
3,73.59,"salad, potato, potato",month,24.53
4,175.89,"rice, potato, salad, salad",month,43.9725
4,53.44,"rice, potato, potato, rice",day,13.36
2,96.09,"potato, salad",month,48.045
4,130.67,"rice, chicken, salad, potato",day,32.6675
4,196.98,"rice, potato, chicken, chicken",week,49.245
3,171.91,"salad, salad, rice",month,57.30333333
3,129.05,"salad, potato, salad",month,43.01666667
4,200.78,"rice, chicken, potato, chicken",week,50.195
2,68.79,"rice, salad",day,34.395
3,191.9,"chicken, salad, chicken",month,63.96666667
2,122.49,"chicken, rice",month,61.245
1,25.93,potato,day,25.93
1,12.15,potato,day,12.15
2,9.41,"potato, potato",day,4.705
4,160.7,"rice, potato, rice, salad",month,40.175
1,57.21,salad,day,57.21
4,124.72,"potato, rice, chicken, rice",day,31.18
1,72.97,potato,month,72.97
1,53.12,salad,week,53.12
1,54.01,chicken,day,54.01
2,71.05,"salad, salad",day,35.525
4,201.17,"rice, chicken, chicken, potato",month,50.2925
2,66,"rice, salad",day,33
4,252.1,"rice, rice, chicken, chicken",week,63.025
3,173.22,"salad, chicken, rice",month,57.74
3,72.9,"chicken, potato, potato",week,24.3
3,106.49,"salad, rice, potato",month,35.49666667
3,45.59,"rice, potato, rice",day,15.19666667
2,45.51,"rice, salad",day,22.755
2,94.68,"salad, salad",week,47.34
3,103.68,"chicken, salad, potato",week,34.56
3,37.92,"potato, rice, potato",week,12.64
4,217.2,"rice, rice, chicken, chicken",day,54.3
1,34.91,potato,day,34.91
4,98.19,"potato, rice, salad, rice",day,24.5475
2,72.02,"chicken, chicken",day,36.01
1,42.28,chicken,day,42.28
2,43.45,"chicken, potato",day,21.725
4,243.4,"chicken, salad, salad, chicken",week,60.85
2,95.81,"salad, salad",week,47.905
2,64.65,"chicken, rice",day,32.325
1,51.87,chicken,day,51.87
3,74.62,"rice, potato, rice",week,24.87333333
2,114.65,"chicken, salad",week,57.325
4,194.97,"salad, salad, rice, salad",day,48.7425
1,49.58,salad,day,49.58
2,44.55,"potato, rice",week,22.275
4,188.91,"salad, salad, salad, rice",week,47.2275
4,151.9,"salad, potato, chicken, potato",month,37.975
3,48.4,"salad, rice, potato",day,16.13333333
4,194.36,"potato, chicken, rice, rice",month,48.59
1,36.7,chicken,day,36.7
2,64.34,"potato, rice",week,32.17
4,205.95,"salad, salad, chicken, potato",month,51.4875
1,53.89,rice,day,53.89
3,91.74,"salad, potato, rice",week,30.58
3,101.01,"salad, rice, potato",week,33.67
3,111.62,"potato, rice, salad",week,37.20666667
2,85.89,"salad, potato",week,42.945
4,278.82,"salad, chicken, salad, salad",month,69.705
4,244.39,"rice, chicken, salad, salad",week,61.0975
2,126.24,"salad, salad",month,63.12
3,196.15,"salad, chicken, salad",month,65.38333333
2,52.71,"potato, salad",week,26.355
3,150.08,"rice, chicken, chicken",day,50.02666667
3,150.82,"rice, salad, salad",week,50.27333333
1,24.39,rice,day,24.39
2,80.97,"potato, rice",month,40.485
1,103.39,salad,month,103.39
4,309.49,"salad, chicken, chicken, chicken",month,77.3725
2,37.73,"potato, chicken",day,18.865
1,88.01,salad,week,88.01
2,72.65,"chicken, chicken",day,36.325
3,150.5,"chicken, chicken, potato",week,50.16666667
4,159.39,"potato, potato, chicken, chicken",month,39.8475
1,45.75,chicken,day,45.75
1,76.62,potato,month,76.62
2,85.58,"rice, rice",week,42.79
4,166.9,"potato, salad, chicken, chicken",day,41.725
1,95.02,salad,month,95.02
2,76.54,"chicken, potato",week,38.27
2,113.61,"salad, chicken",week,56.805
1,62.96,salad,week,62.96
1,29.57,chicken,day,29.57
3,150.95,"chicken, salad, chicken",day,50.31666667
4,188.73,"rice, salad, salad, salad",day,47.1825
2,99.54,"rice, rice",month,49.77
4,105.06,"potato, salad, salad, potato",week,26.265
3,103.35,"chicken, potato, chicken",day,34.45
2,93.55,"chicken, chicken",day,46.775
4,131.18,"potato, salad, rice, salad",week,32.795
1,22.93,rice,day,22.93
1,51.15,rice,day,51.15
3,116.96,"chicken, salad, salad",day,38.98666667
3,185.83,"salad, chicken, rice",month,61.94333333
1,47.74,rice,day,47.74
3,123.81,"chicken, potato, rice",week,41.27
4,170.88,"rice, rice, chicken, salad",day,42.72
2,91.75,"potato, chicken",month,45.875
3,127.35,"rice, rice, rice",week,42.45
2,146.88,"chicken, chicken",month,73.44
2,110.98,"rice, salad",month,55.49
1,5.96,potato,day,5.96
2,119.97,"chicken, potato",month,59.985
3,107.42,"salad, potato, salad",week,35.80666667
3,134.61,"rice, rice, rice",week,44.87
1,44.43,rice,day,44.43
4,175.07,"potato, salad, salad, rice",month,43.7675
3,144.37,"chicken, potato, salad",month,48.12333333
4,163.09,"rice, chicken, chicken, potato",day,40.7725
3,127.75,"rice, potato, salad",month,42.58333333
3,78.65,"salad, rice, potato",week,26.21666667
3,170.06,"salad, chicken, salad",week,56.68666667
1,75.21,rice,week,75.21
1,71.55,chicken,week,71.55
2,92.08,"rice, salad",week,46.04
3,14.49,"potato, salad, potato",day,4.83
4,238.75,"chicken, salad, salad, rice",month,59.6875
4,172.22,"rice, rice, salad, potato",month,43.055
2,98.98,"chicken, chicken",day,49.49
1,17.44,potato,day,17.44
1,53.68,potato,week,53.68
1,99.99,rice,month,99.99
1,102.75,salad,month,102.75
3,104.7,"rice, rice, chicken",day,34.9
1,52.97,rice,week,52.97
1,43.33,potato,day,43.33
2,108.51,"rice, rice",month,54.255
2,134.12,"salad, salad",month,67.06
1,71.53,rice,week,71.53
4,95.2,"chicken, potato, potato, chicken",day,23.8
1,37.06,salad,day,37.06
4,188.67,"rice, salad, potato, chicken",month,47.1675
2,62.51,"chicken, potato",day,31.255
4,267.38,"chicken, chicken, salad, salad",week,66.845
2,121.74,"rice, chicken",month,60.87
2,125.52,"rice, rice",month,62.76
4,169.21,"chicken, potato, rice, chicken",week,42.3025
4,129.29,"rice, salad, potato, chicken",day,32.3225
1,57.25,potato,week,57.25
3,188.83,"chicken, salad, salad",month,62.94333333
2,89.35,"rice, salad",week,44.675
4,150.69,"rice, salad, salad, potato",week,37.6725
4,161.69,"chicken, rice, potato, chicken",day,40.4225
2,58.24,"potato, potato",week,29.12
4,99.77,"potato, potato, salad, salad",week,24.9425
1,51.44,chicken,day,51.44
3,169.62,"chicken, salad, salad",week,56.54
3,149.81,"rice, chicken, rice",week,49.93666667
1,85.24,chicken,month,85.24
2,22.5,"potato, potato",week,11.25
